<?xml version="1.0" encoding="UTF-8"?>

<beans xmlns="http://www.springframework.org/schema/beans"

	xmlns:context="http://www.springframework.org/schema/context"

	xmlns:xsi="http://www.w3.org/2001/XMLSchema-instance"

	xmlns:mvc="http://www.springframework.org/schema/mvc"

	xmlns:tx="http://www.springframework.org/schema/tx"



	xsi:schemaLocation="

        http://www.springframework.org/schema/beans    

        http://www.springframework.org/schema/beans/spring-beans-2.5.xsd

        http://www.springframework.org/schema/context

        http://www.springframework.org/schema/context/spring-context.xsd

        http://www.springframework.org/schema/mvc

        http://www.springframework.org/schema/mvc/spring-mvc.xsd

        http://www.springframework.org/schema/tx

        http://www.springframework.org/schema/tx/spring-tx-3.0.xsd">

       <!-- <bean id="point" class="com.cg.shapes.Point">
       <property name="x" value="30"/>
       <property name="y" value="50"/>
       </bean> 
       
        <bean id="point1" class="com.cg.shapes.Point">
       <property name="x" value="100"/>
       <property name="y" value="100"/>
       </bean> -->  
       
       <!-- <bean id="circle" class="com.cg.shapes.Circle">
          <property name="center" ref="point"/>
       </bean> -->
       
       <!-- <bean class="org.springframework.beans.factory.annotation.RequiredAnnotationBeanPostProcessor"/>
       <bean class="org.springframework.beans.factory.annotation.AutowiredAnnotationBeanPostProcessor"/> -->
       <context:annotation-config/><!-- this tag takes care of required annotations no need to write any postprocessors like autowired annotation -->
       <context:component-scan base-package="com.cg"/><!--  it search for which is annoted with @component -->

</beans>